doc_id;content;metadata
AUTRES-T18-T18R;"""



**Droits de port (refondu)

Article 8 : Droits sur passagers**

Il est perçu sur tout navire embarquant ou débarquant des passagers dans le port un droit dit droit sur passagers, calculé d'après le nombre de passagers débarqués ou embarqués et des touristes en croisière

Ce droit est fixé à 5,00 dirhams par passager et touriste.

Ne sont pas assujetti au paiement du droit :

- les enfants de moins de 3 ans

- les militaires voyageant en corps ;

- les passagers en transit, c'est-à-dire débarquant et rembarquant au cours de la même escale du navire. Ne sont pas considérés comme passagers en transit les touristes en croisière.

""";"{""title"": ""Droits de port (refondu)"", ""document_type"": null, ""category"": ""Transports"", ""date_created"": null, ""date_modified"": null, ""effective_date"": null}"
AUTRES-T1-T1;"""



**Taxe de contrôle et d'estampillage sur les tapis importés

Dahir du 2 janvier 1936 ( chaoual 1354) réglementant l'importation et le commerce des tapis en zone française de l'Empire chérifien**

**Article Premier :**

Est prohibée l'importation, en zone française de l'Empire chérifien, des tapis de toute nature dont la composition et le coloris correspondent aux caractéristiques définies dans le corpus des tapis marocains ou dont les éléments décoratifs figurant dans cet ouvrage.

Demeure autorisée l'importation des tapis anciens originaires d'Asie Mineure, de type traditionnel à décor floral et polychrome, ayant donné naissance aux tapis dits \"" de Rabat \"", ainsi que l'importation des tapis originaires de la zone espagnole et de celle de Tanger, sous réserve qu'ils soient accompagnés d'un certificat d'origine délivré soit par les chambres de commerce, soir par les autorités douanières ou de contrôle de la zone de fabrication.

Peuvent également être importés les tapis de toutes sortes, en cours d'usage, faisant partie du mobilier appartenant aux personnes venant établir leur résidence en zone française.

Les tapis visés au premier alinéa pourront être importés, à titre exceptionnel, à la condition qu'il soit justifié par la production de documents authentiques, qu'ils ont été expédiés à destination directe de la zone française antérieurement à la date de publication du présent dahir. Lesdits documents (connaissements, lettres de voitures, bulletins d'expédition) devront être produits à l'appui de la déclaration d'importation. Ces tapis seront soumis à la taxe d'estampillage et revêtus de la marque dans les conditions fixées à l'article 2 ci-dessous.

**Article 2 :**

Les tapis dont l'importation n'est pas prohibée recevront, à leur entrée en zone française, une marque d'origine nettement apparente apposée par le service des douanes, après consultation des agents du service des arts indigènes en cas de doute sur l'application de la prohibition aux tapis présentés.

Sont toutefois dispensés de l'apposition de la marque les tapis en cours d'usage compris dans le mobilier des personnes venant établir leur résidence en zone française, ainsi que ceux originaires de la zone espagnole ou de la zone de Tanger.

Cette apposition entraînera la perception d'une taxe de contrôle et d'estampillage de 5% ad valorem.

Aucun tapis importé en zone française ne pourra être exposé, mis en vente, vendu ou réexporté, s'il n'est muni de cette marque d'origine.

**Article 3 :**

Les tapis importés antérieurement à la date de publication du présent dahir pourront, à titre transitoire, et pour en permettre l'écoulement, être dispensés de cette marque pendant une période d'une année. Au terme de ce délai, les articles invendus devront faire l'objet, de la part des commerçants qui les détiennent, d'une déclaration au service des douanes, pour les localités où existe un bureau de douanes, ou au service des arts indigènes pour les autres centres. Ces tapis devront obligatoirement être revêtus de la marque d'origine qui sera apposée sans donner lieu à perception de la taxe de 5% prévue à l'article 2 ci-dessus.

**Article 4 :**

Les contestations, auxquelles donnerait lieu l'application du présent dahir, seront arbitrées par le chef du service des arts indigènes, ou son représentant

.

**Article 5 :**

Toute infraction au présent dahir entraînera la confiscation des marchandises et des moyens de transport. Les délinquants seront, en outre, passible d'une amende égale au double de la valeur de la marchandise objet de l'infraction et d'une emprisonnement de six jours à six mois ou de l'une de ces deux peines seulement.

Les complices seront passibles des mêmes peines que les auteurs principaux.

Les pénalités pécuniaires auront le caractère de réparation civile.

En cas de transaction, les articles 25 et suivants du dahir du 12 décembre 1918 (12 rabia I 133) sur les douanes sont applicables.

**Article 6 :**

Quiconque a été condamné depuis moins de deux années grégoriennes par jugement ou arrêt définitif et se rend coupable d'une nouvelle infraction, sera passible, outre les pénalités énumérées ci-dessus, d'un emprisonnement de trois mois à deux ans.

**Article 7 :**

Les infractions au présent dahir sont de la compétence exclusion des juridictions françaises de Notre Empire

.

""";"{""title"": ""Dahir du 2 janvier 1936 ( chaoual 1354) réglementant l'importation et le commerce des tapis en zone française de l'Empire chérifien"", ""document_type"": ""Dahir"", ""category"": ""Douanes"", ""date_created"": ""1936-01-02"", ""date_modified"": null, ""effective_date"": ""1936-01-02""}"
AUTRES-T1-T1R;"""



**Taxe de contrôle et d'estampillage sur les tapis importés (refondu)

Dahir du 2 Janvier 1936 (chaoual 1354) réglementant l'importation et le commerce des tapis en zone française de l'Empire chérifien.**

Considérant que l'importation, en zone française de l'Empire chérifien, des tapis étrangers imitant les produits similaires marocaines, est de nature à porter gravement atteinte à une industrie spécifiquement marocaine et ainsi à réduire au chômage de nombreux ouvriers marocains,

**Article Premier :**

Est prohibée l'importation, en zone française de l'Empire chérifien, des tapis de toute nature dont la composition et le coloris correspondent aux caractéristiques définies dans le corpus des tapis marocains ou dont les éléments décoratifs figurant dans cet ouvrage.

Demeure autorisée l'importation des tapis anciens originaires d'Asie Mineure, de type traditionnel à décor floral et polychrome, ayant donné naissance aux tapis dits \"" de Rabat \"", ainsi que l'importation des tapis originaires de la zone espagnole et de celle de Tanger, sous réserve qu'ils soient accompagnés d'un certificat d'origine délivré soit par les chambres de commerce, soir par les autorités douanières ou de contrôle de la zone de fabrication.

Peuvent également être importés les tapis de toutes sortes, en cours d'usage, faisant partie du mobilier appartenant aux personnes venant établir leur résidence en zone française.

Les tapis visés au premier alinéa pourront être importés, à titre exceptionnel, à la condition qu'il soit justifié par la production de documents authentiques, qu'ils ont été expédiés à destination directe de la zone française antérieurement à la date de publication du présent dahir. Lesdits documents (connaissements, lettres de voitures, bulletins d'expédition) devront être produits à l'appui de la déclaration d'importation. Ces tapis seront soumis à la taxe d'estampillage et revêtus de la marque dans les conditions fixées à l'article 2 ci-dessous.

**Article 2 :**

Les tapis dont l'importation n'est pas prohibée recevront, à leur entrée en zone française, une marque d'origine nettement apparente apposée par le service des douanes, après consultation des agents du service des arts indigènes en cas de doute sur l'application de la prohibition aux tapis présentés.

Sont toutefois dispensés de l'apposition de la marque les tapis en cours d'usage compris dans le mobilier des personnes venant établir leur résidence en zone française, ainsi que ceux originaires de la zone espagnole ou de la zone de Tanger.

Cette apposition entraînera la perception d'une taxe de contrôle et d'estampillage de 5% ad valorem.

Aucun tapis importé en zone française ne pourra être exposé, mis en vente, vendu ou réexporté, s'il n'est muni de cette marque d'origine.

**Article 3 :**

Les tapis importés antérieurement à la date de publication du présent dahir pourront, à titre transitoire, et pour en permettre l'écoulement, être dispensés de cette marque pendant une période d'une année. Au terme de ce délai, les articles invendus devront faire l'objet, de la part des commerçants qui les détiennent, d'une déclaration au service des douanes, pour les localités où existe un bureau de douanes, ou au service des arts indigènes pour les autres centres. Ces tapis devront obligatoirement être revêtus de la marque d'origine qui sera apposée sans donner lieu à perception de la taxe de 5% prévue à l'article 2 ci-dessus.

**Article 4 :**

Les contestations, auxquelles donnerait lieu l'application du présent dahir, seront arbitrées par le chef du service des arts indigènes, ou son représentant

.

**Article 5 :**

Toute infraction au présent dahir entraînera la confiscation des marchandises et des moyens de transport. Les délinquants seront, en outre, passible d'une amende égale au double de la valeur de la marchandise objet de l'infraction et d'une emprisonnement de six jours à six mois ou de l'une de ces deux peines seulement.

Les complices seront passibles des mêmes peines que les auteurs principaux.

Les pénalités pécuniaires auront le caractère de réparation civile.

En cas de transaction, les articles 25 et suivants du dahir du 12 décembre 1918 (12 rabia I 133) sur les douanes sont applicables.

**Article 6 :**

Quiconque a été condamné depuis moins de deux années grégoriennes par jugement ou arrêt définitif et se rend coupable d'une nouvelle infraction, sera passible, outre les pénalités énumérées ci-dessus, d'un emprisonnement de trois mois à deux ans.

**Article 7 :**

Les infractions au présent dahir sont de la compétence exclusion des juridictions françaises de Notre Empire

.

""";"{""title"": ""Taxe de contrôle et d'estampillage sur les tapis importés (refondu)"", ""document_type"": ""Dahir"", ""category"": ""Douanes"", ""date_created"": ""1936-01-02"", ""date_modified"": null, ""effective_date"": ""1936-01-02""}"
AUTRES-T27-T27R;"""



**Police sanitaire vétérinaire (refondu)

Dahir n° 1-89-230 du 10 septembre 1993 portant loi n°24-89

Article 3 : Documents sanitaires**

Les animaux, denrées ou produits énumérés à l'article premier ci-dessus, y compris ceux en transit international, ne peuvent être admis à l'importation que s'ils sont accompagnés de documents sanitaires délivrés par les autorités sanitaires vétérinaires officielles ou dûment habilitées du pays d'origine et, le cas échéant, du ou des pays de transit.

Toutefois pour les produits d'origine animale visés au

de l'article premier ci-dessus, les documents sanitaires visés à l'alinéa précédent peuvent être présentés après l'admission desdits produits à l'importation.

La vérification des documents sanitaires par les services vétérinaires a lieu après déchargement. Toutefois, elle est effectuée avant déchargement pour les animaux provenant de tous pays, ainsi que pour les produits animaux à l'état brut originaires ou en provenance de pays non reconnus indemnes de maladies contagieuses et pour lesquels il est prescrit les traitements spécifiques prévus au 2

e

alinéa de l'article ci-dessus.

Les types et les énonciations de ces documents sanitaires sont déterminés par voie réglementaire.

""";"{""title"": ""Police sanitaire vétérinaire (refondu)"", ""document_type"": ""Dahir"", ""category"": ""Santé vétérinaire"", ""date_created"": ""1993-09-10"", ""date_modified"": null, ""effective_date"": null}"
AUTRES-T14-T14;"""



**Droits de port

Article 4 : Réduction des droits**

A - Bénéficient d'une réduction de 50% sur les droits fixés à l'article 2 ci-dessus :

- les navire n'effectuant aucune opération d'embarquement ou débarquement de marchandises ou de voyageurs, les opérations d'avitaillement n'étant pas considérées comme embarquement de marchandises

- les engins de servitude privés

- les navires en réparation navale pour une période supérieure à 10 jours

- les navires venant d'un port ou allant à un autre port du Maroc et n'ayant embarqué ou débarqué que des marchandises à destination ou en provenance d'autres ports du Maroc.

- les navires appartenant à un même armateur ou affrétés par celui-ci et assurant le service d'une ligne régulière suivant un itinéraire et des dates fixées à l'avance, bénéficient d'une réduction de :

15% pour un minimum de 1 touchée par mois calendaire ;

25% pour un minimum de 3 touchées par mois calendaire

35% pour un minimum de 3 touchées par mois calendaire

Les touchées occasionnelles intermédiaires d'un autre port marocain n'entraînent pas la suppression desdites réductions.

Le bénéfice de ces réductions n'est accordé qu'à partir de la cinquième touchée et en cas d'interruption de la ligne, il ne peut être accordé qu'à partir de la cinquième nouvelle touchée.

C - Navires battant pavillon marocain désarmés (à l'exception des navires de pêche), dont le séjour est inférieur à 5 mois décomptés de quantième, bénéficient d'une réduction de 75% sur les droits fixés à l'article 2 ci-dessus.

Cette réduction ne peut être accordée pour un même navire qu'une seule fois à l'intérieur d'une même année calendaire.

""";"{""title"": ""Droits de port"", ""document_type"": ""Décret"", ""category"": ""Droits portuaires"", ""date_created"": null, ""date_modified"": null, ""effective_date"": null}"
AUTRES-T14-T14R;"""



**Droits de port (refondu)

Article 4 : Réduction des droits**

A - Bénéficient d'une réduction de 50% sur les droits fixés à l'article 2 ci-dessus :

- les navire n'effectuant aucune opération d'embarquement ou débarquement de marchandises ou de voyageurs, les opérations d'avitaillement n'étant pas considérées comme embarquement de marchandises

- les engins de servitude privés

- les navires en réparation navale pour une période supérieure à 10 jours

- les navires venant d'un port ou allant à un autre port du Maroc et n'ayant embarqué ou débarqué que des marchandises à destination ou en provenance d'autres ports du Maroc.

- les navires appartenant à un même armateur ou affrêtés par celui-ci et assurant le service d'une ligne régulière suivant un itinéraire et des dates fixées à l'avance, bénéficient d'une réduction de :

15% pour un minimum de 1 touchée par mois calendaire ;

25% pour un minimum de 3 touchées par mois calendaire

35% pour un minimum de 3 touchées par mois calendaire

Les touchées occasionnelles intermédiaires d'un autre port marocain n'entraînent pas la suppression desdites réductions.

Le bénéfice de ces réductions n'est accordé qu'à partir de la cinquième touchée et en cas d'interruption de la ligne, il ne peut être accordé qu'à partir de la cinquième nouvelle touchée.

C - Navires battant pavillon marocain désarmés (à l'exception des navires de pêche), dont le séjour est inférieur à 5 mois décomptés de quantième, bénéficient d'une réduction de 75% sur les droits fixés à l'article 2 ci-dessus.

Cette réduction ne peut être accordée pour un même navire qu'une seule fois à l'intérieur d'une même année calendaire.

""";"{""title"": ""Droits de port (refondu)"", ""document_type"": null, ""category"": ""Transport maritime"", ""date_created"": null, ""date_modified"": null, ""effective_date"": null}"
AUTRES-T27-T27;"""



**Police sanitaire vétérinaire

Dahir n° 1-89-230 du 10 septembre 1993 portant loi n°24-89

Article 3 : Documents sanitaires**

Décret n° 2-89-597 du 12 octobre 1993 édictant des mesures de police sanitaire vétérinaire à l'importation d'animaux, de denrées animales, de produits d'origine animale, de produits de multiplication animale et de produits de la mer et d'eau douce.

Les animaux, denrées ou produits énumérés à l'article premier ci-dessus, y compris ceux en transit international, ne peuvent être admis à l'importation que s'ils sont accompagnés de documents sanitaires délivrés par les autorités sanitaires vétérinaires officielles ou dûment habilitées du pays d'origine et, le cas échéant, du ou des pays de transit.

Toutefois pour les produits d'origine animale visés au

de l'article premier ci-dessus, les documents sanitaires visés à l'alinéa précédent peuvent être présentés après l'admission desdits produits à l'importation.

La vérification des documents sanitaires par les services vétérinaires a lieu après déchargement. Toutefois, elle est effectuée avant déchargement pour les animaux provenant de tous pays, ainsi que pour les produits animaux à l'état brut originaires ou en provenance de pays non reconnus indemnes de maladies contagieuses et pour lesquels il est prescrit les traitements spécifiques prévus au 2

e

alinéa de l'article ci-dessus.

Les types et les énonciations de ces documents sanitaires sont déterminés par voie réglementaire.

""";"{""title"": ""Police sanitaire vétérinaire"", ""document_type"": ""Loi"", ""category"": ""Police sanitaire vétérinaire"", ""date_created"": null, ""date_modified"": null, ""effective_date"": null}"
AUTRES-T13-T13;"""



**Droits de port

Article 3 : Exemption des droits**

Sont exemptés du paiement des droits fixés à l'article 2 ci-dessus:

- les embarcations dont la jauge brute ne dépasse pas 2 tonneaux ;

- les bâtiments appartenant aux administrations publiques nationales ;

- les bâtiments de la marine royale marocaine et des marines militaires étrangères ;

- les bâtiments de servitude du port et engins flottants de manutention ou de travaux ;

- les bâtiments de plaisance d'une jauge inférieure à 200 tonneaux ;

- les bateaux de pêche marocains non désarmés ;

- les bateaux de pêche marocains désarmés pendant une période n'excédant pas 6 mois consécutifs, de droit étant dû intégralement à partir du 6 mois de séjour.

""";"{""title"": ""Droits de port"", ""document_type"": null, ""category"": ""Droits de port"", ""date_created"": null, ""date_modified"": null, ""effective_date"": null}"
AUTRES-T3-T3R;"""



**Prélèvement sur le crin végétal importé (refondu)

Article Premier : Principe général(Supprimé par l'article 7 du Dahir n° 1-04-255 du 29 décembre 2004 portant promulgation de la loi de finances n° 26-04 pour l'année budgétaire 2005 )**

A compter du 1

er

janvier 2005, est supprimé le prélèvement sur le crin végétal exporté institué par le dahir n° 1-61-314 du 25 joumada II 1381 (4 décembre 1961).

""";"{""title"": ""Prélèvement sur le crin végétal importé (refondu)"", ""document_type"": ""Dahir"", ""category"": ""Impôts"", ""date_created"": ""1961-12-04"", ""date_modified"": ""2004-12-29"", ""effective_date"": ""2005-01-01""}"
AUTRES-T5-T5;"""



**Prélèvement sur le crin végétal importé

Article 3 : Montant du prélèvement**

Le prélèvement prévu à l'article 2 ci-dessus est à la charge de l'exportateur.

Le montant de ce prélèvement ainsi que ses modalités de perception sont fixés par arrêté du ministre chargé des finances, pris sur proposition du ministre du commerce, de l'industrie, des mines, de l'artisanat et de la marine marchande.

""";"{""title"": ""Prélèvement sur le crin végétal importé"", ""document_type"": ""arrêté"", ""category"": ""douanes"", ""date_created"": null, ""date_modified"": null, ""effective_date"": null}"
AUTRES-T20-T20;"""



**Droits de port

Article 10 : Modalités d'application**

Le ministre de l'équipement et le ministre des finances sont chargés, chacun en ce qui le concerne, de l'exécution du présent décret qui abroge toutes les dispositions antérieures relatives aux même objet et prend effet à compter du 16 rebia I 1403 (1

er

janvier 1983)

""";"{""title"": ""Droits de port - Article 10 : Modalités d'application"", ""document_type"": ""décret"", ""category"": ""Douanes"", ""date_created"": null, ""date_modified"": null, ""effective_date"": ""1983-01-01""}"
AUTRES-T15-T15R;"""



**Droits de port (refondu)

Article 5 : Majoration es droits**

Les navires désarmés battant pavillon marocain ou étranger dont le séjour est supérieur à 5 mois décomptés de quantième à quantième paient double droit à partir du cinquième mois de séjour.

""";"{""title"": ""Droits de port (refondu)"", ""document_type"": null, ""category"": ""Douanes"", ""date_created"": null, ""date_modified"": null, ""effective_date"": null}"
AUTRES-T26-T26R;"""



**Police sanitaire vétérinaire (refondu)

Dahir n° 1-89-230 du 10 septembre 1993 portant loi n°24-89

Article 2 : Prohibition d'entrée**

Sont frappés de prohibition d'entrée les animaux, denrées et produits énumérés à l'article premier ci-dessus ainsi que tous objets qui, originaires ou provenant d'un pays non reconnu indemne de maladies contagieuses, sont susceptibles de communiquer ces maladies.

Toutefois, peuvent être admis à l'importation et au transit certains de ces produits ou denrées qui, ayant été soumis à des traitements spécifiques avant leur importation dans les conditions sanitaires arrêtées par voie réglementaire, ne présentent plus de danger de contagion.

""";"{""title"": ""Police sanitaire vétérinaire (refondu)"", ""document_type"": ""Dahir"", ""category"": ""Santé vétérinaire"", ""date_created"": ""1993-09-10"", ""date_modified"": null, ""effective_date"": null}"
AUTRES-T19-T19R;"""



**Droits de port (refondu)

Article 9 : Modalités de perception des droits**

Les droits fixés par le présent décret seront perçus par le service des douanes pour le compte du budget annexe des ports, au vu des déclarations déposées par le capitaine du navire ou son consignataire.

En ce qui concerne les droits relatifs au navire, ils seront perçus au vu des pièces de liquidation dressées et certifiées par le capitaine de port.

Le paiement des droits est effectué soit par le capitaine du navire. A défaut, le capitaine de port peut interdire tout mouvement du navire concerné ou de tout autre navire appartenant au même propriétaire.

Cependant, le capitaine du navire peut se libérer par la remise entre les mains du capitaine de port d'un engagement de son consignataire du paiement desdits droits; le capitaine de port peut exiger que cet engagement en garantie du paiement des droits soit cautionné par un établissement bancaire agrée.

Le paiement des sommes dues doit être effectué dans un délai de dix jours à compter de celui où le titre de perception aura été notifié au consignataire. A défaut, le capitaine de port peut interdire tout mouvement de tout navire appartenant au propriétaire du navire concerné.

De surcroît, les droits dus seront majorés d'une pénalité de retard de 10% si le paiement n'est pas intervenu dans le délai de 30 jours calendaires et de 50% si le paiement n'est pas intervenu dans un délai de 60 jours calendaires.

En cas de contestation, les redevables sont tenus de consigner à la caisse de l'agent chargé des recouvrements le montant des sommes contestées à moins qu'il ne présentent une caution solvable agréée par ce dernier.

""";"{""title"": ""Droits de port (refondu)"", ""document_type"": ""décret"", ""category"": ""Ports"", ""date_created"": null, ""date_modified"": null, ""effective_date"": null}"
AUTRES-T19-T19;"""



**Droits de port

Article 9 : Modalités de perception des droits**

Les droits fixés par le présent décret seront perçus par le service des douanes pour le compte du budget annexe des ports, au vu des déclarations déposées par le capitaine du navire ou son consignataire.

En ce qui concerne les droits relatifs au navire, ils seront perçus au vu des pièces de liquidation dressées et certifiées par le capitaine de port.

Le paiement des droits est effectué soit par le capitaine du navire. A défaut, le capitaine de port peut interdire tout mouvement du navire concerné ou de tout autre navire appartenant au même propriétaire.

Cependant, le capitaine du navire peut se libérer par la remise entre les mains du capitaine de port d'un engagement de son consignataire du paiement desdits droits; le capitaine de port peut exiger que cet engagement en garantie du paiement des droits soit cautionné par un établissement bancaire agrée.

Le paiement des sommes dues doit être effectué dans un délai de dix jours à compter de celui où le titre de perception aura été notifié au consignataire. A défaut, le capitaine de port peut interdire tout mouvement de tout navire appartenant au propriétaire du navire concerné.

De surcroît, les droits dus seront majorés d'une pénalité de retard de 10% si le paiement n'est pas intervenu dans le délai de 30 jours calendaires et de 50% si le paiement n'est pas intervenu dans un délai de 60 jours calendaires.

En cas de contestation, les redevables sont tenus de consigner à la caisse de l'agent chargé des recouvrements le montant des sommes contestées à moins qu'il ne présentent une caution solvable agréée par ce dernier.

""";"{""title"": ""Droits de port"", ""document_type"": ""décret"", ""category"": ""douanes"", ""date_created"": null, ""date_modified"": null, ""effective_date"": null}"
AUTRES-T8-T8;"""



**Prélèvement sur le crin végétal importé

Article 6 : Stock de sécurité**

**L'organisation professionnelle la plus représentative de la profession désignée par le ministre chargé de l'industrie est chargée de maintenir un stock de sécurité permanent, d'assurer les exportations dans les périodes où la production est arrêtée par suite des conditions climatiques ou des exigences agricoles.**

""";"{""title"": ""Prélèvement sur le crin végétal importé"", ""document_type"": null, ""category"": ""Industrie et Commerce"", ""date_created"": null, ""date_modified"": null, ""effective_date"": null}"
AUTRES-T8-T8R;"""



**Prélèvement sur le crin végétal importé (refondu)

Article 6 : Stock de sécurité(Supprimé par l'article 7 du Dahir n° 1-04-255 du 29 décembre 2004 portant promulgation de la loi de finances n° 26-04 pour l'année budgétaire 2005 )**

A compter du 1

er

janvier 2005, est supprimé le prélèvement sur le crin végétal exporté institué par le dahir n° 1-61-314 du 25 joumada II 1381 (4 décembre 1961).

""";"{""title"": ""Prélèvement sur le crin végétal importé (refondu)"", ""document_type"": ""Loi de finances"", ""category"": ""Impôts"", ""date_created"": null, ""date_modified"": ""2004-12-29"", ""effective_date"": ""2005-01-01""}"
AUTRES-T4-T4;"""



**Prélèvement sur le crin végétal importé

Article 2 : Alimentation du fonds ; prélèvement sur le crin végétal exporté**

**Le Fonds de développement du crin végétal est alimenté par un prélèvement sur le crin végétal exporté ainsi qu'éventuellement, par des dons et legs.**

""";"{""title"": ""Prélèvement sur le crin végétal importé"", ""document_type"": null, ""category"": ""Impôts"", ""date_created"": null, ""date_modified"": null, ""effective_date"": null}"
AUTRES-T17-T17R;"""



**Droits de port (refondu)

Article 7 : Droits supplémentaires pour combustibles liquides**

En sus du droit prévu à l'article 6 ci-dessus, il est perdu sur la tonne de combustibles liquides débarqués, embarqués ou transbordés, un droit dont les taux sont fixés ci-après :

- Débarquement en provenance d'un port étranger :

Produits blancs\t11,50 DH

Produits noirs\t3,50 Dh

- Débarquement en provenance d'un port marocain :

Produits blancs\t5,00 DH

Produits noirs\t2,00 DH

- Embarquement

Produits blancs\t2,00 DH

Produits noirs\t0,75 DH

- Transbordement :

Produits blancs\t6,75 DH

Produits noirs\t2,00 DH

""";"{""title"": ""Droits de port (refondu)"", ""document_type"": null, ""category"": ""Fiscalité"", ""date_created"": null, ""date_modified"": null, ""effective_date"": null}"
AUTRES-T24-T24;"""



**Redevance sur l'exploitation des phosphates

Article 14 de la loi de finances pour l'année 1992 n°38-91 instituant une redevance sur l'exploitation des phosphates**

exonération en faveur de la société Phosbourâa

Il est institué une redevance, dénommée \""redevance sur l'exploitation des phosphates bruts ou transformés\""

Le taux de la redevance est fixé à 34 dirhams la tonne de phosphate brut

Toutefois, dans le cas des phosphates transformés, la redevance est liquidée et perçue sur les quantités de phosphates bruts ayant servi à la fabrication du produit destiné à l'exportation

La redevance est liquidée et recouvrée, les infractions sont constatées et réprimées, les poursuites sont effectuées et le produit des amendes est réparti comme en matière de douanes

Les instances sont introduites devant les tribunaux qui instruisent et jugent comme en matière de douanes

""";"{""title"": ""Redevance sur l'exploitation des phosphates Article 14 de la loi de finances pour l'année 1992 n°38-91 instituant une redevance sur l'exploitation des phosphates"", ""document_type"": ""loi"", ""category"": ""impôts"", ""date_created"": null, ""date_modified"": null, ""effective_date"": null}"
AUTRES-T24-T24R;"""



**Redevance sur l'exploitation des phosphates (refondu)

Article 14 de la loi de finances pour l'année 1992 n°38-91 instituant une redevance sur l'exploitation des phosphates**

Sont abrogées à compter du 1

er

janvier 2008, les dispositions du présent article par l'article 6 de la loi de finances n°38-07 pour l'année budgétaire 2008

""";"{""title"": ""Redevance sur l'exploitation des phosphates (refondu)"", ""document_type"": ""loi"", ""category"": ""impôts"", ""date_created"": null, ""date_modified"": null, ""effective_date"": ""2008-01-01""}"
AUTRES-T5-T5R;"""



**Prélèvement sur le crin végétal importé (refondu)

Article 3 : Montant du prélèvement(Supprimé par l'article 7 du Dahir n° 1-04-255 du 29 décembre 2004 portant promulgation de la loi de finances n° 26-04 pour l'année budgétaire 2005 )**

A compter du 1

er

janvier 2005, est supprimé le prélèvement sur le crin végétal exporté institué par le dahir n° 1-61-314 du 25 joumada II 1381 (4 décembre 1961).

""";"{""title"": ""Prélèvement sur le crin végétal importé (refondu)"", ""document_type"": ""Dahir"", ""category"": ""Impôts"", ""date_created"": null, ""date_modified"": ""2004-12-29"", ""effective_date"": ""2005-01-01""}"
AUTRES-T9-T9;"""



**Prélèvement sur le crin végétal importé

Article 7 : Infractions**

**Les infractions au présent dahir sont constatées et poursuivies comme un matière de douane.**

""";"{""title"": ""Prélèvement sur le crin végétal importé"", ""document_type"": ""dahir"", ""category"": ""Douanes"", ""date_created"": null, ""date_modified"": null, ""effective_date"": null}"
AUTRES-T17-T17;"""



**Droits de port

Article 7 : Droits supplémentaires pour combustibles liquides**

En sus du droit prévu à l'article 6 ci-dessus, il est perdu sur la tonne de combustibles liquides débarqués, embarqués ou transbordés, un droit dont les taux sont fixés ci-après :

- Débarquement en provenance d'un port étranger :

Produits blancs\t11,50 DH

Produits noirs\t3,50 Dh

- Débarquement en provenance d'un port marocain :

Produits blancs\t5,00 DH

Produits noirs\t2,00 DH

- Embarquement

Produits blancs\t2,00 DH

Produits noirs\t0,75 DH

- Transbordement :

Produits blancs\t6,75 DH

Produits noirs\t2,00 DH

""";"{""title"": ""Droits de port"", ""document_type"": null, ""category"": ""Droits de port"", ""date_created"": null, ""date_modified"": null, ""effective_date"": null}"
AUTRES-T23-T23;"""



**Taxe sur les bois importés

Article 10 de la loi de finances pour l'année 1986 n°33-85 instituant la taxe sur les bois importés**

Il est créé une taxe sur les bois importés dont le taux est fixé à 6% ad valorem. Cette taxe qui est à la charge de l'importateur, est liquidée et perçue, les infractions constatées et réprimées et les poursuites réprimés comme en matière de douane.

Les instances sont introduites devant les tribunaux qui instruisent et jugent comme en matière de douane

Le produit des amendes et transactions est réparti comme en matière de douane

""";"{""title"": ""Taxe sur les bois importés\nArticle 10 de la loi de finances pour l'année 1986 n°33-85 instituant la taxe sur les bois importés"", ""document_type"": ""loi"", ""category"": ""douanes"", ""date_created"": null, ""date_modified"": null, ""effective_date"": null}"
AUTRES-T10-T10;"""



**Taxe parafiscale sur les vins et bières

Décret n° 2-75-890 du 27 décembre 1975 instituant une taxe parafiscale au profit de l'association dite \""le Croissant Rouge\""**

**Article Premier :**

A compter du 29 hija 1395 (1

er

janvier 1976), il est institué au profit de l'association dite \""le Croissant-Rouge\"" une taxe parafiscale sur les vins, tels que définis par le § II de l'article 8 du dahir portant loi de finances rectificative pour l'année 1974 n° 1-74-386 du 12 rejeb 1394 (2 août 1974), et sur les bières, importés ou produits sur le territoire assujetti.

Le taux de cette taxe est fixé :

- en ce qui concerne les vins, à 5 dirhams par hectolitre,

- en ce qui concerne les bières, à 1 dirham par degré-hectolitre du moût.

**Article 2**

Cette taxe est liquidée, recouvrée et poursuivie en recouvrement par l'administration des douanes et impôts indirects.

Son produit est versé directement au comptable des l'association.

**Article 3 :**

Le ministre des finances est chargé de l'exécution du présent décret qui sera publié au

Bulletin officiel.

""";"{""title"": ""Décret n° 2-75-890 du 27 décembre 1975 instituant une taxe parafiscale au profit de l'association dite \""le Croissant Rouge\"""", ""document_type"": ""Décret"", ""category"": ""Fiscalité"", ""date_created"": ""1975-12-27"", ""date_modified"": null, ""effective_date"": ""1976-01-01""}"
AUTRES-T16-T16R;"""



**Droits de port (refondu)

Article 6 : Droits ordinaires**

un droit dit droit sur marchandises, est dû par les navires pour toute marchandise débarquée ou embarquée.

Ce droit calculé à la tonne de marchandises, est fixé comme suit :\*

Catégorie 1: minerai de fer, fluorine, barytine

sable, argile, gypse, sel \t0,25 DH

Catégorie 2 : minerai de manganèse\t0,50 DH

Catégorie 3 : autres minerais \t1,50 DH

Catégorie 4 : céréales et graines oléagineuses\t4,50 DH

Catégorie 5 : agrumes et primeurs\t2,00 DH

Catégorie 6 : essence, carburéacteur, fuel-oil, gasoil,

pétrole brut et pétrole lampant\t2,00 DH

Catégorie 7 : Marchandises diverses non

nommément désignées ci-dessus\t5,00 DH

Pour les véhicules de tourisme, les véhicules utilitaires, les caravanes et tous autres véhicules, d'un poids inférieur à 2 tonnes, le droit est limité à 5,00 DH par véhicule.

Pour le calcul du droit, les fractions de tonne sont comptées pour une tonne.

Sont considérées comme marchandises pour le calcul du droit, tous objets de nature quelconque portés sur les manifestes des navires à l'exclusion des bagages des passagers, des produits d'avitaillement du navire, des vivres pour l'équipage et les passagers, des colis et sacs postaux.

Les marchandises transbordées d'un navire sur un autre navire de bord à bord, sans passage par les terre-pleins ou magasins du port ne paient le droit d'une seule fois, celui-ci étant dû, dans ce cas, par le navire importateur.

""";"{""title"": ""Droits de port (refondu)"", ""document_type"": null, ""category"": ""Portuaire"", ""date_created"": null, ""date_modified"": null, ""effective_date"": null}"
AUTRES-T7-T7R;"""



**Prélèvement sur le crin végétal importé (refondu)

Article 5 : Destination des avoirs du Fonds de développement(Supprimé par l'article 7 du Dahir n° 1-04-255 du 29 décembre 2004 portant promulgation de la loi de finances n° 26-04 pour l'année budgétaire 2005 )**

A compter du 1

er

janvier 2005, est supprimé le prélèvement sur le crin végétal exporté institué par le dahir n° 1-61-314 du 25 joumada II 1381 (4 décembre 1961).

""";"{""title"": ""Prélèvement sur le crin végétal importé (refondu)"", ""document_type"": ""Loi"", ""category"": ""Fiscalité"", ""date_created"": null, ""date_modified"": ""2004-12-29"", ""effective_date"": ""2005-01-01""}"
AUTRES-T21-T21;"""



**Droits de port

Article 11: Publication au Bulletin officiel**

Le présent décret sera publié au

Bulletin officiel

""";"{""title"": ""Droits de port"", ""document_type"": ""décret"", ""category"": ""Droits de port"", ""date_created"": null, ""date_modified"": null, ""effective_date"": null}"
AUTRES-T12-T12;"""



**Droits de port

Article 2 : Fixation des droits de stationnement**

Tout navire à flot stationnant à l'intérieur des ports de Ras Al Hoceima, Jebha, M'Diq. Larache, El-Jadida, Essaouira, Tan-Tan, Tarfaya et Ed-Dakhla, paie un droit dit

\""

droit de stationnement

\"" fixé par tonneau de jauge brute et par jour aux taux suivants pendant les six premiers mois suivant la date d'effet du présent décret :

De 1 à 500 tonneaux \t0,35 DH

De 501 à 1000 tonneaux \t0,23 DH

De 1001 à 3000 tonneaux \t0,16 DH

De 3001 à 5000 tonneaux \t0,08 DH

au-dessus de 5000 tonneaux \t0,05 DH

A compter du premier jour du septième mois suivant la date d'effet du présent décret il est fait application des taux suivants :

De 1 à 500 tonneaux \t0,43 DH

De 501 à 1000 tonneaux \t0,29 DH

De 1001 à 3000 tonneaux \t0,19 DH

De 3001 à 5000 tonneaux \t0,10 DH

au-dessus de 5000 tonneaux \t0,06 DH

Les totaux obtenus étant arrondis au dirham supérieur.

Dans le cas de navires à double jauge brute, le volume en tonneaux servant de base au calcul du droit, est celui de la plus grande jauge;

Dans le cas des navires à simple jauge brute, le volume servant de base au calcul du droit est égal à la jauge brute augmentée des \""espaces ouverts\"" utilisés pour la marchandise qu'ils soient occupés ou non.

Pour un même navire, le calcul est effectué en appliquant d'abord le droit afférent aux 500 premiers tonneaux, puis ceux afférents aux 500 tonneaux suivants et ainsi de suite jusqu'au tonnage total. Les jours se comptent par 24 heures à partir de l'heure d'arrivée, et toute fraction de jour est comptée pour un jour.

""";"{""title"": ""Droits de port"", ""document_type"": ""décret"", ""category"": ""Droits de port"", ""date_created"": null, ""date_modified"": null, ""effective_date"": null}"
AUTRES-T6-T6;"""



**Prélèvement sur le crin végétal importé

Article 4 : Affectation et comptabilisation**

**Le produit du prélèvement sera inscrit en recette à la troisième partie du budget général, une inscription budgétaire d'un montant équivalent sera effectuée en dépenses sous la rubrique \""Fonds de développement du crin végétal\"".**

""";"{""title"": ""Prélèvement sur le crin végétal importé"", ""document_type"": null, ""category"": ""Impôts"", ""date_created"": null, ""date_modified"": null, ""effective_date"": null}"
AUTRES-T18-T18;"""



**Droits de port

Article 8 : Droits sur passagers**

Il est perçu sur tout navire embarquant ou débarquant des passagers dans le port un droit dit \""droit sur passagers\"", calculé d'après le nombre de passagers débarqués ou embarqués et des touristes en croisière

Ce droit est fixé à 5,00 dirhams par passager et touriste.

Ne sont pas assujetti au paiement du droit :

- les enfants de moins de 3 ans

- les militaires voyageant en corps ;

- les passagers en transit, c'est-à-dire débarquant et rembarquant au cours de la même escale du navire. Ne sont pas considérés comme passagers en transit les touristes en croisière.

""";"{""title"": ""Droits de port"", ""document_type"": null, ""category"": ""Transports"", ""date_created"": null, ""date_modified"": null, ""effective_date"": null}"
AUTRES-T12-T12R;"""



**Droits de port (refondu)

Article 2 : Fixation des droits de stationnement**

Tout navire à flot stationnant à l'intérieur des ports de Ras Kabdana, Al Hoceima, M'Diq Jabha Larache, El-jadida, Essaouira et Tarfaya paie un droit dit droit de stationnement fixé par tonneau de jauge brute et par jour aux taux suivants pendant les six premiers mois suivant la date d'effet du présent décret :

De 1 à 500 tonneaux \t0,35 DH

De 501 à 1000 tonneaux \t0,23 DH

De 1001 à 3000 tonneaux \t0,16 DH

De 3001 à 5000 tonneaux \t0,08 DH

au-dessus de 5000 tonneaux \t0,05 DH

A compter du premier jour du septième mois suivant la date d'effet du présent décret il est fait application des taux suivants :

De 1 à 500 tonneaux \t0,43 DH

De 501 à 1000 tonneaux \t0,29 DH

De 1001 à 3000 tonneaux \t0,19 DH

De 3001 à 5000 tonneaux \t0,10 DH

au-dessus de 5000 tonneaux \t0,06 DH

Les totaux obtenus étant arrondis au dirham supérieur.

Dans le cas de navires à double jauge brute, le volume en tonneaux servant de base au calcul du droit, est celui de la plus grande jauge;

Dans le cas des navires à simple jauge brute, le volume servant de base au calcul du droit est égal à la jauge brute augmentée des espaces ouverts utilisés pour la marchandise qu'ils soient occupés ou non.

Pour un même navire, le calcul est effectué en appliquant d'abord le droit afférent aux 500 premiers tonneaux, puis ceux afférents aux 500 tonneaux suivants et ainsi de suite jusqu'au tonnage total. Les jours se comptent par 24 heures à partir de l'heure d'arrivée, et toute fraction de jour est comptée pour un jour.

""";"{""title"": ""Droits de port (refondu)"", ""document_type"": ""décret"", ""category"": ""Transports maritimes"", ""date_created"": null, ""date_modified"": null, ""effective_date"": null}"
AUTRES-T21-T21R;"""



**Droits de port (refondu)

Article 11: Publication au Bulletin officiel**

Le présent décret sera publié au

Bulletin officiel.

""";"{""title"": ""Droits de port (refondu)"", ""document_type"": ""décret"", ""category"": ""Douanes"", ""date_created"": null, ""date_modified"": null, ""effective_date"": null}"
AUTRES-T20-T20R;"""



**Droits de port (refondu)

Article 10 : Modalités d'application**

Le ministre de l'équipement et le ministre des finances sont chargés, chacun en ce qui le concerne, de l'exécution du présent décret qui abroge toutes les dispositions antérieures relatives aux même objet et prend effet à compter du 16 rebia I 1403 (1

er

janvier 1983)

""";"{""title"": ""Droits de port (refondu)"", ""document_type"": ""décret"", ""category"": ""finances"", ""date_created"": null, ""date_modified"": null, ""effective_date"": ""1983-01-01""}"
AUTRES-T2-T2;"""



**Taxe sur les maïs exportés

Dahir du 11 octobre 1952 fixant le montant de la taxe de sortie des maïs.**

**Article Premier.:**

Le montant de la taxe de sortie des maïs instituée par le dahir susvisé du 9 juin 1939 (20 rebia II 1358), est fixé à cinquante francs (0,50 Dirham.) par quintal.

**Article 2 :**

Le présent dahir prendra effet à compter de la date de sa publication au Bulletin officiel du Protectorat.

Toutefois ces dispositions ne seront pas applicables aux maïs provenant des récoltes antérieures à 1952.

""";"{""title"": ""Dahir du 11 octobre 1952 fixant le montant de la taxe de sortie des maïs."", ""document_type"": ""Dahir"", ""category"": ""Douanes"", ""date_created"": ""1952-10-11"", ""date_modified"": null, ""effective_date"": null}"
AUTRES-T13-T13R;"""



**Droits de port (refondu)

Article 3 : Exemption des droits**

Sont exemptés du paiement des droits fixés à l'article 2 ci-dessus:

- les embarcations dont la jauge brute ne dépasse pas 2 tonneaux ;

- les bâtiments appartenant aux administrations publiques nationales ;

- les bâtiments de la marine royale marocaine et des marines militaires étrangères ;

- les bâtiments de servitude du port et engins flottants de manutention ou de travaux ;

- les bâtiments de plaisance d'une jauge inférieure à 200 tonneaux ;

- les bateaux de pêche marocains non désarmés ;

- les bateaux de pêche marocains désarmés pendant une période n'excédant pas 6 mois consécutifs, de droit étant dû intégralement à partir du 6 mois de séjour.

""";"{""title"": ""Droits de port (refondu)"", ""document_type"": null, ""category"": ""Transports maritimes"", ""date_created"": null, ""date_modified"": null, ""effective_date"": null}"
AUTRES-T9-T9R;"""



**Prélèvement sur le crin végétal importé (refondu)

Article. 7 : Infractions(Supprimé par l'article 7 du Dahir n° 1-04-255 du 29 décembre 2004 portant promulgation de la loi de finances n° 26-04 pour l'année budgétaire 2005 )**

A compter du 1

er

janvier 2005, est supprimé le prélèvement sur le crin végétal exporté institué par le dahir n° 1-61-314 du 25 joumada II 1381 (4 décembre 1961).

""";"{""title"": ""Prélèvement sur le crin végétal importé (refondu)"", ""document_type"": ""Loi"", ""category"": ""Finances"", ""date_created"": ""1961-12-04"", ""date_modified"": ""2004-12-29"", ""effective_date"": ""2005-01-01""}"
AUTRES-T26-T26;"""



**Police sanitaire vétérinaire

Dahir n° 1-89-230 du 10 septembre 1993 portant loi n°24-89

Article 2 : Prohibition d'entrée**

Décret n° 2-89-597 du 12 octobre 1993 édictant des mesures de police sanitaire vétérinaire à l'importation d'animaux, de denrées animales, de produits d'origine animale, de produits de multiplication animale et de produits de la mer et d'eau douce.

Sont frappés de prohibition d'entrée les animaux, denrées et produits énumérés à l'article premier ci-dessus ainsi que tous objets qui, originaires ou provenant d'un pays non reconnu indemne de maladies contagieuses, sont susceptibles de communiquer ces maladies.

Toutefois, peuvent être admis à l'importation et au transit certains de ces produits ou denrées qui, ayant été soumis à des traitements spécifiques avant leur importation dans les conditions sanitaires arrêtées par voie réglementaire, ne présentent plus de danger de contagion.

""";"{""title"": ""Police sanitaire vétérinaire"", ""document_type"": ""Loi"", ""category"": ""Police sanitaire vétérinaire"", ""date_created"": ""1993-09-10"", ""date_modified"": null, ""effective_date"": null}"
AUTRES-T2-T2R;"""



**Taxe sur les maïs exportés (refondu)

Dahir du 11 octobre 1952 fixant le montant de la taxe de sortie des maïs.(Supprimée par l'article 6 du Dahir n° 1-04-255 du 29 décembre 2004 portant promulgation de la loi de finances n° 26-04 pour l'année budgétaire 2005 )**

A compter du 1

er

janvier 2005, est supprimée la taxe sur le maïs exporté instituée par le dahir du 20 rabii II 1358 (9 juin 1939), tel que complété par le dahir du 20 moharrem 1372 (11 octobre 1952).

""";"{""title"": ""Taxe sur les maïs exportés (refondu)"", ""document_type"": ""Dahir"", ""category"": ""Impôts"", ""date_created"": ""1952-10-11"", ""date_modified"": null, ""effective_date"": null}"
AUTRES-T15-T15;"""



**Droits de port

Article 5 : Majoration es droits**

Les navires désarmés battant pavillon marocain ou étranger dont le séjour est supérieur à 5 mois décomptés de quantième à quantième paient double droit à partir du cinquième mois de séjour.

""";"{""title"": ""Droits de port"", ""document_type"": null, ""category"": ""Transport maritime"", ""date_created"": null, ""date_modified"": null, ""effective_date"": null}"
AUTRES-T3-T3;"""



**Prélèvement sur le crin végétal importé

Article Premier : Principe général**

**Il est institué un fonds, dit \""Fonds de développement du crin végétal\"", à l'effet d'améliorer les conditions de production et de commercialisation du crin végétal.**

""";"{""title"": ""Prélèvement sur le crin végétal importé"", ""document_type"": null, ""category"": ""Économie"", ""date_created"": null, ""date_modified"": null, ""effective_date"": null}"
AUTRES-T11-T11;"""



**Droits de port

Article premier : Champ d'application**

Il est institué sur les navires, les marchandises et les passagers transitant par les ports de Ras Al Hoceima, Jebha, M'Diq. Larache, El-Jadida, Essaouira, Tan-Tan, Tarfaya et Ed-Dakhla les droits de port dont la définition, les taux et les modalités de perception sont fixés pour chacun d'eux conformément aux dispositions suivantes.

""";"{""title"": ""Droits de port"", ""document_type"": null, ""category"": ""Transports"", ""date_created"": null, ""date_modified"": null, ""effective_date"": null}"
AUTRES-T4-T4R;"""



**Prélèvement sur le crin végétal importé (refondu)

Article 2 : Alimentation du fonds : prélèvement sur le crin végétal exporté(Supprimé par l'article 7 du Dahir n° 1-04-255 du 29 décembre 2004 portant promulgation de la loi de finances n° 26-04 pour l'année budgétaire 2005 )**

A compter du 1

er

janvier 2005, est supprimé le prélèvement sur le crin végétal exporté institué par le dahir n° 1-61-314 du 25 joumada II 1381 (4 décembre 1961).

""";"{""title"": ""Prélèvement sur le crin végétal importé (refondu)"", ""document_type"": ""Loi"", ""category"": ""Impôts"", ""date_created"": null, ""date_modified"": null, ""effective_date"": ""2005-01-01""}"
AUTRES-T28-T28;"""



**Police sanitaire vétérinaire

Dahir n° 1-89-230 du 10 septembre 1993 portant loi n°24-89

Article 4 : Inspection sanitaire**

Décret n° 2-89-597 du 12 octobre 1993 édictant des mesures de police sanitaire vétérinaire à l'importation d'animaux, de denrées animales, de produits d'origine animale, de produits de multiplication animale et de produits de la mer et d'eau douce.

L'inspection sanitaire prescrite à l'article premier ci-dessus est effectuée aussitôt après le déchargement dans l'enceinte douanière aux jours et heures d'ouverture légale des bureaux de douanes. Elle a lieu, pour les animaux dans le lazaret ou dans un local désigné à cet effet par l'autorité sanitaire vétérinaire centrale, et pour les denrées et produits sur les lieux de déchargement.

Toutefois, à titre exceptionnel, l'inspection sanitaire peut, à la demande de l'importateur et à ses frais, avoir lieu un jour férié ou en dehors des heures légales d'ouverture desdits bureaux.

A l'issue de l'inspection sanitaire, le vétérinaire inspecteur du poste frontière délivre un certificat sanitaire vétérinaire. L'enlèvement des animaux, denrées et produits ne doit être autorisé par les services des douanes qu'après production de ce certificat.

""";"{""title"": ""Décret n° 2-89-597 du 12 octobre 1993 édictant des mesures de police sanitaire vétérinaire à l'importation d'animaux, de denrées animales, de produits d'origine animale, de produits de multiplication animale et de produits de la mer et d'eau douce."", ""document_type"": ""Décret"", ""category"": ""Santé vétérinaire"", ""date_created"": ""1993-10-12"", ""date_modified"": null, ""effective_date"": null}"
AUTRES-T11-T11R;"""



**Droits de port (refondu)

Article premier : Champ d'application**

Il est institué sur les navires, les marchandises et les passagers transitant par les ports de Ras Kabdana, Al Hoceima, M'Diq, Jabha, Larache, El-jadida, Essaouira et Tarfaya, , des droits de ports dont la définition, les taux et les modalités de perception sont fixés pour chacun d'eux conformément aux dispositions suivantes .

""";"{""title"": ""Droits de port (refondu)"", ""document_type"": null, ""category"": ""finances"", ""date_created"": null, ""date_modified"": null, ""effective_date"": null}"
AUTRES-T6-T6R;"""



**Prélèvement sur le crin végétal importé (refondu)

Article 4 : Affectation et comptabilisation(Supprimé par l'article 7 du Dahir n° 1-04-255 du 29 décembre 2004 portant promulgation de la loi de finances n° 26-04 pour l'année budgétaire 2005 )**

A compter du 1

er

janvier 2005, est supprimé le prélèvement sur le crin végétal exporté institué par le dahir n° 1-61-314 du 25 joumada II 1381 (4 décembre 1961).

""";"{""title"": ""Prélèvement sur le crin végétal importé (refondu)"", ""document_type"": ""Loi"", ""category"": ""Impôts"", ""date_created"": ""1961-12-04"", ""date_modified"": ""2004-12-29"", ""effective_date"": ""2005-01-01""}"
AUTRES-T10-T10R;"""



**Taxe parafiscale sur les vins et bières (refondu)

Décret n° 2-75-890 du 27 décembre 1975 instituant une taxe parafiscale au profit de l'association dite \""le Croissant Rouge\""**

**Article Premier. :**

A compter du 29 hija 1395 (1

er

janvier 1976), il est institué au profit de l'association dite \""le Croissant-Rouge\"" une taxe parafiscale sur les vins, tels que définis par le § II de l'article 8 du dahir portant loi de finances rectificative pour l'année 1974 n° 1-74-386 du 12 rejeb 1394 (2 août 1974), et sur les bières, importés ou produits sur le territoire assujetti.

Le taux de cette taxe est fixé :

- en ce qui concerne les vins, à 5 dirhams par hectolitre,

- en ce qui concerne les bières, à 1 dirham par degré-hectolitre du moût.

**Article 2**

Cette taxe est liquidée, recouvrée et poursuivie en recouvrement par l'administration des douanes et impôts indirects.

Son produit est versé directement au comptable des l'association.

**Article 3 :**

Le ministre des finances est chargé de l'exécution du présent décret qui sera publié au

Bulletin officiel.

""";"{""title"": ""Taxe parafiscale sur les vins et bières (refondu)\n\nDécret n° 2-75-890 du 27 décembre 1975 instituant une taxe parafiscale au profit de l'association dite \""le Croissant Rouge\"""", ""document_type"": ""Décret"", ""category"": ""Fiscalité"", ""date_created"": ""1975-12-27"", ""date_modified"": null, ""effective_date"": ""1976-01-01""}"
AUTRES-T23-T23R;"""



**Taxe sur les bois importées (refondu)

Article 6 de la loi de finances pour l'année 1986 n°33-85

instituant la taxe sur les bois importées**

Il est créé une taxe au taux de 12%

ad valorem

sur les bois et ouvrages en bois, importés (chapitre 44 de la nomenclature générale des produits). Toutefois, le taux de cette taxe est fixé à 6%

ad valorem

pour le bois brut non traité d'Okoume en rondins d'une circonférence au gros bout supérieure ou égale à 60 cm. Cette taxe qui est à la charge de l'importateur, est liquidée et perçue, les infractions constatées et réprimées et les poursuites effectuées comme en matière de douanes.

Les instances sont introduites devant les tribunaux qui instruisent et jugent comme en matière de douane

Le produit des amendes et transactions est réparti comme en matière de douane

""";"{""title"": ""Taxe sur les bois importées (refondu)"", ""document_type"": ""loi"", ""category"": ""Douanes"", ""date_created"": null, ""date_modified"": null, ""effective_date"": null}"
AUTRES-T7-T7;"""



**Prélèvement sur le crin végétal importé

Article 5 : Destination des avoirs du Fonds de développement**

**La destination des avoirs du Fonds de développement du crin végétal est fixée par le ministre du commerce, de l'industrie, des mines, de l'artisanat et de la marine marchande, dans le cadre d'un programme d'emploi visé par le ministre chargé des finances.**

""";"{""title"": ""Prélèvement sur le crin végétal importé"", ""document_type"": ""décret"", ""category"": ""AUTRES"", ""date_created"": null, ""date_modified"": null, ""effective_date"": null}"
AUTRES-T16-T16;"""



**Droits de port

Article 6 : Droits ordinaires**

un droit dit \""droit sur marchandises\"", est dû par les navires pour toute marchandise débarquée ou embarquée.

Ce droit calculé à la tonne de marchandises, est fixé comme suit :\*

Catégorie 1: minerai de fer, fluorine, barytine

sable, argile, gypse, sel \t0,25 DH

Catégorie 2 : minerai de manganèse\t0,50 DH

Catégorie 3 : autres minerais \t1,50 DH

Catégorie 4 : céréales et graines oléagineuses\t4,50 DH

Catégorie 5 : agrumes et primeurs\t2,00 DH

Catégorie 6 : essence, carburéacteur, fuel-oil, gasoil,

pétrole brut et pétrole lampant\t2,00 DH

Catégorie 7 : Marchandises diverses non

nommément désignées ci-dessus\t5,00 DH

Pour les véhicules de tourisme, les véhicules utilitaires, les caravanes et tous autres véhicules, d'un poids inférieur à 2 tonnes, le droit est limité à 5,00 DH par véhicule.

Pour le calcul du droit, les fractions de tonne sont comptées pour une tonne.

Sont considérées comme marchandises pour le calcul du droit, tous objets de nature quelconque portés sur les manifestes des navires à l'exclusion des bagages des passagers, des produits d'avitaillement du navire, des vivres pour l'équipage et les passagers, des colis et sacs postaux.

Les marchandises transbordées d'un navire sur un autre navire de bord à bord, sans passage par les terre-pleins ou magasins du port ne paient le droit d'une seule fois, celui-ci étant dû, dans ce cas, par le navire importateur.

""";"{""title"": ""Droits de port - Article 6 : Droits ordinaires"", ""document_type"": ""Arrêté"", ""category"": ""Droits de port"", ""date_created"": null, ""date_modified"": null, ""effective_date"": null}"
